1001,46,46,46,21,21,0.737048,0.130171,,,,
1002,46,46,46,21,21,0.744185,0.125271,,,,
1003,46,46,46,21,21,0.751172,0.120577,,,,
1004,46,46,46,21,21,0.757925,0.116067,,,,
1005,46,46,46,21,21,0.764316,0.111727,,,,
1006,46,46,46,21,21,0.770293,0.107552,,,,
1007,46,46,46,21,21,0.775938,0.10354,,,,
1008,46,46,46,21,21,0.78141,0.099686,,,,
1009,46,46,46,21,21,0.786825,0.0959808,,,,
1010,46,46,46,21,21,0.792175,0.0924096,,,,
1011,46,46,46,21,21,0.797341,0.0889591,,,,
1012,46,46,46,21,21,0.802198,0.0856227,,,,
1013,46,46,46,21,21,0.806725,0.0824,,,,
1014,46,46,46,21,21,0.811026,0.0792924,,,,
1015,46,46,46,21,21,0.815255,0.0762979,,,,
1016,46,46,46,21,21,0.8195,0.0734088,,,,
1017,46,46,46,21,21,0.823716,0.0706153,,,,
1018,46,46,46,21,21,0.827769,0.06791,,,,
1019,46,46,46,21,21,0.831544,0.0652909,,,,
1020,46,46,46,21,21,0.835041,0.0627606,,,,
1021,46,46,46,21,21,0.838377,0.0603214,,,,
1022,46,46,46,21,21,0.841699,0.0579719,,,,
1023,46,46,46,21,21,0.845073,0.0557056,,,,
1024,46,46,46,21,21,0.848435,0.053515,,,,
1025,46,46,46,21,21,0.851647,0.0513956,,,,
1026,46,46,46,21,21,0.854602,0.0493477,,,,
1027,46,46,46,21,21,0.857311,0.0473748,,,,
1028,46,46,46,21,21,0.859895,0.0454796,,,,
1029,46,46,46,21,21,0.862494,0.043661,,,,
1030,46,46,46,21,21,0.865165,0.0419137,,,,
1031,46,46,46,21,21,0.867838,0.0402315,,,,
1032,46,46,46,21,21,0.870373,0.0386111,,,,
1033,46,46,46,21,21,0.872667,0.0370535,,,,
1034,46,46,46,21,21,0.874731,0.0355622,,,,
1035,46,46,46,21,21,0.876683,0.0341398,,,,
1036,46,46,46,21,21,0.878663,0.0327853,,,,
1037,46,46,46,21,21,0.880727,0.0314946,,,,
1038,46,46,46,21,21,0.882811,0.0302626,,,,
1039,46,46,46,21,21,0.884778,0.0290867,,,,
1040,46,46,46,21,21,0.88652,0.0279677,,,,
1041,46,46,46,21,21,0.888037,0.0269082,,,,
1042,46,46,46,21,21,0.88944,0.0259104,,,,
1043,46,46,46,21,21,0.890866,0.0249733,,,,
1044,46,46,46,21,21,0.892385,0.0240935,,,,
1045,46,46,46,21,21,0.893949,0.0232668,,,,
1046,46,46,46,21,21,0.895426,0.0224909,,,,
1047,46,46,46,21,21,0.896699,0.0217667,,,,
1048,46,46,46,21,21,0.897748,0.0210965,,,,
1049,46,46,46,21,21,0.898664,0.0204821,,,,
1050,46,46,46,21,21,0.899585,0.0199229,,,,
1051,46,46,46,21,21,0.9006,0.0194158,,,,
1052,46,46,46,21,21,0.901688,0.0189571,,,,
1053,46,46,46,21,21,0.902733,0.018545,,,,
1054,46,46,46,21,21,0.903606,0.01818,,,,
1055,46,46,46,21,21,0.904256,0.0178642,,,,
1056,46,46,46,21,21,0.904746,0.0175995,,,,
1057,46,46,46,21,21,0.905207,0.0173857,,,,
1058,46,46,46,21,21,0.905749,0.0172201,,,,
1059,46,46,46,21,21,0.906388,0.0170996,,,,
1060,46,46,46,21,21,0.907034,0.0170224,,,,
1061,46,46,46,21,21,0.907553,0.016989,,,,
1062,46,46,46,21,21,0.907862,0.0170015,,,,
1063,46,46,46,21,21,0.907981,0.0170621,,,,
1064,46,46,46,21,21,0.90802,0.0171712,,,,
1065,46,46,46,21,21,0.908108,0.0173267,,,,
1066,46,46,46,21,21,0.908303,0.0175259,,,,
1067,46,46,46,21,21,0.908557,0.0177666,,,,
1068,46,46,46,21,21,0.908748,0.0180492,,,,
1069,46,46,46,21,21,0.908759,0.018376,,,,
1070,46,46,46,21,21,0.908559,0.0187497,,,,
1071,46,46,46,21,21,0.908218,0.0191717,,,,
1072,46,46,46,21,21,0.907863,0.019641,,,,
1073,46,46,46,21,21,0.907596,0.020155,,,,
1074,46,46,46,21,21,0.907426,0.0207112,,,,
1075,46,46,46,21,21,0.907263,0.0213092,,,,
1076,46,46,46,21,21,0.90698,0.021951,,,,
1077,46,46,46,21,21,0.906493,0.0226397,,,,
1078,46,46,46,21,21,0.905812,0.0233781,,,,
1079,46,46,46,21,21,0.905036,0.0241665,,,,
1080,46,46,46,21,21,0.904287,0.0250034,,,,
1081,46,46,46,21,21,0.903635,0.025886,,,,
1082,46,46,46,21,21,0.90305,0.0268132,,,,
1083,46,46,46,21,21,0.902425,0.0277858,,,,
1084,46,46,46,21,21,0.90164,0.028807,,,,
1085,46,46,46,21,21,0.900638,0.0298804,,,,
1086,46,46,46,21,21,0.899459,0.0310084,,,,
1087,46,46,46,21,21,0.898214,0.0321905,,,,
1088,46,46,46,21,21,0.897013,0.0334249,,,,
1089,46,46,46,21,21,0.8959,0.0347091,,,,
1090,46,46,46,21,21,0.894823,0.0360427,,,,
1091,46,46,46,21,21,0.893669,0.0374278,,,,
1092,46,46,46,21,21,0.892326,0.0388682,,,,
1093,46,46,46,21,21,0.890759,0.0403676,,,,
1094,46,46,46,21,21,0.88902,0.0419279,,,,
1095,46,46,46,21,21,0.88722,0.0435486,,,,
1096,46,46,46,21,21,0.88546,0.0452279,,,,
1097,46,46,46,21,21,0.88377,0.0469642,,,,
1098,46,46,46,21,21,0.882087,0.0487577,,,,
1099,46,46,46,21,21,0.880298,0.0506113,,,,
1100,46,46,46,21,21,0.8783,0.0525289,,,,
1101,46,46,46,21,21,0.876064,0.0545143,,,,
1102,46,46,46,21,21,0.873644,0.0565687,,,,
1103,46,46,46,21,21,0.871148,0.0586911,,,,
1104,46,46,46,21,21,0.868671,0.0608795,,,,
1105,46,46,46,21,21,0.866236,0.0631324,,,,
1106,46,46,46,21,21,0.863784,0.0654509,,,,
1107,46,46,46,21,21,0.861202,0.0678385,,,,
1108,46,46,46,21,21,0.858391,0.0702997,,,,
1109,46,46,46,21,21,0.855314,0.0728384,,,,
1110,46,46,46,21,21,0.852021,0.0754556,,,,
1111,46,46,46,21,21,0.848613,0.0781496,,,,
1112,46,46,46,21,21,0.84518,0.0809174,,,,
1113,46,46,46,21,21,0.841755,0.0837564,,,,
1114,46,46,46,21,21,0.838284,0.0866668,,,,
1115,46,46,46,21,21,0.834664,0.0896517,,,,
1116,46,46,46,21,21,0.830787,0.0927157,,,,
1117,46,46,46,21,21,0.826606,0.0958632,,,,
1118,46,46,46,21,21,0.82215,0.0990955,,,,
1119,46,46,46,21,21,0.817504,0.102411,,,,
1120,46,46,46,21,21,0.812761,0.105805,,,,
1121,46,46,46,21,21,0.807962,0.109273,,,,
1122,46,46,46,21,21,0.803073,0.112811,,,,
1123,46,46,46,21,21,0.797998,0.11642,,,,
1124,46,46,46,21,21,0.792626,0.120101,,,,
1125,46,46,46,21,21,0.786886,0.123855,,,,
1126,46,46,46,21,21,0.780777,0.127682,,,,
1127,46,46,46,21,21,0.774359,0.131577,,,,
1128,46,46,46,21,21,0.767718,0.135533,,,,
1129,46,46,46,21,21,0.760906,0.13954,,,,
1130,46,46,46,21,21,0.75391,0.143587,,,,
1131,46,46,46,21,21,0.746647,0.147668,,,,
1132,46,46,46,21,21,0.739002,0.151775,,,,
1133,46,46,46,21,21,0.730873,0.155901,,,,
1134,46,46,46,21,21,0.722212,0.160038,,,,
1135,46,46,46,21,21,0.713037,0.164171,,,,
1136,46,46,46,21,21,0.703402,0.168281,,,,
1137,46,46,46,21,21,0.693358,0.172345,,,,
1138,46,46,46,21,21,0.682906,0.176336,,,,
1139,46,46,46,21,21,0.671976,0.180223,,,,
1140,46,46,46,21,21,0.660447,0.183977,,,,
1141,46,46,46,21,21,0.648181,0.187566,,,,
1142,46,46,46,21,21,0.635066,0.190952,,,,
1143,46,46,46,21,21,0.621043,0.194093,,,,
1144,46,46,46,21,21,0.606101,0.196938,,,,
1145,46,46,46,21,21,0.590247,0.199429,,,,
1146,46,46,46,21,21,0.573465,0.201496,,,,
1147,46,46,46,21,21,0.555687,0.203064,,,,
1148,46,46,46,21,21,0.536786,0.204052,,,,
1149,46,46,46,21,21,0.516597,0.204374,,,,
1150,46,46,46,21,21,0.494958,0.203943,,,,
1151,46,46,46,21,21,0.471744,0.202666,,,,
1152,46,46,46,21,21,0.446893,0.200452,,,,
1153,46,46,46,21,21,0.420404,0.197213,,,,
1154,46,46,46,21,21,0.392323,0.192868,,,,
1155,46,46,46,21,21,0.362723,0.187357,,,,
1156,46,46,46,21,21,0.331701,0.180646,,,,
1157,46,46,46,21,21,0.299399,0.172748,,,,
1158,46,46,46,21,21,0.266036,0.163736,,,,
1159,46,46,46,21,21,0.231958,0.153755,,,,
1160,46,46,46,21,21,0.197665,0.143041,,,,
1161,46,46,46,21,21,0.163822,0.131915,,,,
1162,46,46,46,21,21,0.131223,0.120786,,,,
1163,46,46,46,21,21,0.100735,0.110126,,,,
1164,46,46,46,21,21,0.0732177,0.100444,,,,
1165,46,46,46,21,21,0.0494435,0.0922407,,,,
1166,46,46,46,21,21,0.0300246,0.0859647,,,,
1167,46,46,46,21,21,0.0153663,0.0819681,,,,
1168,46,46,46,21,21,0.00564154,0.0804719,,,,
1169,46,46,46,21,21,0.000791093,0.0815466,,,,
1170,46,46,46,21,21,0.000543152,0.0851124,,,,
1171,46,46,46,21,21,0.00445048,0.090957,,,,
1172,46,46,46,21,21,0.0119404,0.0987677,,,,
1173,46,46,46,21,21,0.0223727,0.108171,,,,
1174,46,46,46,21,21,0.0350996,0.11877,,,,
1175,46,46,46,21,21,0.0495187,0.130183,,,,
1176,46,46,46,21,21,0.0651111,0.142059,,,,
1177,46,46,46,21,21,0.0814602,0.154094,,,,
1178,46,46,46,21,21,0.098249,0.166033,,,,
1179,46,46,46,21,21,0.115242,0.177669,,,,
1180,46,46,46,21,21,0.132262,0.188834,,,,
1181,46,46,46,21,21,0.149167,0.199396,,,,
1182,46,46,46,21,21,0.16584,0.209257,,,,
1183,46,46,46,21,21,0.182189,0.218347,,,,
1184,46,46,46,21,21,0.198156,0.226626,,,,
1185,46,46,46,21,21,0.213723,0.234077,,,,
1186,46,46,46,21,21,0.228911,0.2407,,,,
1187,46,46,46,21,21,0.243772,0.246511,,,,
1188,46,46,46,21,21,0.258365,0.25153,,,,
1189,46,46,46,21,21,0.272739,0.255782,,,,
1190,46,46,46,21,21,0.286913,0.259293,,,,
1191,46,46,46,21,21,0.300876,0.26209,,,,
1192,46,46,46,21,21,0.314598,0.264201,,,,
1193,46,46,46,21,21,0.328049,0.265662,,,,
1194,46,46,46,21,21,0.34122,0.266512,,,,
1195,46,46,46,21,21,0.354132,0.266794,,,,
1196,46,46,46,21,21,0.366832,0.266552,,,,
1197,46,46,46,21,21,0.37938,0.265832,,,,
1198,46,46,46,21,21,0.391823,0.264671,,,,
1199,46,46,46,21,21,0.404178,0.263106,,,,
1200,46,46,46,21,21,0.416426,0.261166,,,,
1201,46,46,46,21,21,0.428519,0.25888,,,,
1202,46,46,46,21,21,0.440398,0.256275,,,,
1203,46,46,46,21,21,0.452021,0.253383,,,,
1204,46,46,46,21,21,0.463379,0.250234,,,,
1205,46,46,46,21,21,0.474499,0.246864,,,,
1206,46,46,46,21,21,0.485432,0.243304,,,,
1207,46,46,46,21,21,0.496233,0.239584,,,,
1208,46,46,46,21,21,0.506936,0.235728,,,,
1209,46,46,46,21,21,0.517537,0.231754,,,,
1210,46,46,46,21,21,0.527997,0.227678,,,,
1211,46,46,46,21,21,0.538255,0.223514,,,,
1212,46,46,46,21,21,0.548251,0.219274,,,,
1213,46,46,46,21,21,0.557952,0.214975,,,,
1214,46,46,46,21,21,0.567363,0.210634,,,,
1215,46,46,46,21,21,0.576528,0.206269,,,,
1216,46,46,46,21,21,0.585508,0.201897,,,,
1217,46,46,46,21,21,0.59436,0.197533,,,,
1218,46,46,46,21,21,0.603114,0.193187,,,,
1219,46,46,46,21,21,0.611759,0.188865,,,,
1220,46,46,46,21,21,0.620247,0.184572,,,,
1221,46,46,46,21,21,0.628518,0.180308,,,,
1222,46,46,46,21,21,0.636515,0.176078,,,,
1223,46,46,46,21,21,0.644216,0.171888,,,,
1224,46,46,46,21,21,0.651638,0.167744,,,,
1225,46,46,46,21,21,0.658834,0.163655,,,,
1226,46,46,46,21,21,0.665874,0.159629,,,,
1227,46,46,46,21,21,0.672815,0.155672,,,,
1228,46,46,46,21,21,0.679685,0.151787,,,,
1229,46,46,46,21,21,0.686469,0.147974,,,,
1230,46,46,46,21,21,0.693118,0.14423,,,,
1231,46,46,46,21,21,0.699568,0.140554,,,,
1232,46,46,46,21,21,0.705768,0.136944,,,,
1233,46,46,46,21,21,0.711696,0.1334,,,,
1234,46,46,46,21,21,0.717375,0.129925,,,,
1235,46,46,46,21,21,0.722862,0.126522,,,,
1236,46,46,46,21,21,0.728228,0.123195,,,,
1237,46,46,46,21,21,0.733532,0.119947,,,,
1238,46,46,46,21,21,0.738804,0.116778,,,,
1239,46,46,46,21,21,0.74403,0.113686,,,,
1240,46,46,46,21,21,0.74916,0.110668,,,,
1241,46,46,46,21,21,0.75413,0.107719,,,,
1242,46,46,46,21,21,0.758885,0.104836,,,,
1243,46,46,46,21,21,0.763401,0.102018,,,,
1244,46,46,46,21,21,0.767696,0.0992645,,,,
1245,46,46,46,21,21,0.771824,0.0965779,,,,
1246,46,46,46,21,21,0.775855,0.0939597,,,,
1247,46,46,46,21,21,0.779854,0.0914111,,,,
1248,46,46,46,21,21,0.783854,0.0889319,,,,
1249,46,46,46,21,21,0.78785,0.0865198,,,,
1250,46,46,46,21,21,0.791796,0.0841713,,,,
1251,46,46,46,21,21,0.79563,0.0818825,,,,
1252,46,46,46,21,21,0.79929,0.0796497,,,,
1253,46,46,46,21,21,0.802744,0.0774708,,,,
1254,46,46,46,21,21,0.805997,0.075345,,,,
1255,46,46,46,21,21,0.809094,0.073273,,,,
1256,46,46,46,21,21,0.812102,0.0712561,,,,
1257,46,46,46,21,21,0.815091,0.0692953,,,,
1258,46,46,46,21,21,0.818103,0.0673906,,,,
1259,46,46,46,21,21,0.821146,0.0655407,,,,
1260,46,46,46,21,21,0.824187,0.0637428,,,,
1261,46,46,46,21,21,0.827165,0.0619936,,,,
1262,46,46,46,21,21,0.830016,0.0602897,,,,
1263,46,46,46,21,21,0.832694,0.0586285,,,,
1264,46,46,46,21,21,0.835187,0.0570085,,,,
1265,46,46,46,21,21,0.837524,0.0554298,,,,
1266,46,46,46,21,21,0.839764,0.053893,,,,
1267,46,46,46,21,21,0.841977,0.052399,,,,
1268,46,46,46,21,21,0.844219,0.0509483,,,,
1269,46,46,46,21,21,0.846517,0.0495405,,,,
1270,46,46,46,21,21,0.848854,0.0481738,,,,
1271,46,46,46,21,21,0.851183,0.0468459,,,,
1272,46,46,46,21,21,0.853439,0.0455541,,,,
1273,46,46,46,21,21,0.855561,0.044296,,,,
1274,46,46,46,21,21,0.857518,0.04307,,,,
1275,46,46,46,21,21,0.859315,0.0418754,,,,
1276,46,46,46,21,21,0.860993,0.0407126,,,,
1277,46,46,46,21,21,0.862617,0.0395822,,,,
1278,46,46,46,21,21,0.864255,0.0384849,,,,
1279,46,46,46,21,21,0.865951,0.0374209,,,,
1280,46,46,46,21,21,0.867718,0.0363892,,,,
1281,46,46,46,21,21,0.869528,0.0353885,,,,
1282,46,46,46,21,21,0.871325,0.0344166,,,,
1283,46,46,46,21,21,0.873045,0.0334713,,,,
1284,46,46,46,21,21,0.874633,0.032551,,,,
1285,46,46,46,21,21,0.876066,0.0316545,,,,
1286,46,46,46,21,21,0.877358,0.0307818,,,,
1287,46,46,46,21,21,0.878558,0.0299333,,,,
1288,46,46,46,21,21,0.87973,0.0291096,,,,
1289,46,46,46,21,21,0.880938,0.0283113,,,,
1290,46,46,46,21,21,0.882221,0.0275384,,,,
1291,46,46,46,21,21,0.883584,0.0267902,,,,
1292,46,46,46,21,21,0.884995,0.0260653,,,,
1293,46,46,46,21,21,0.886395,0.025362,,,,
1294,46,46,46,21,21,0.887721,0.0246788,,,,
1295,46,46,46,21,21,0.888922,0.0240143,,,,
1296,46,46,46,21,21,0.889978,0.0233678,,,,
1297,46,46,46,21,21,0.890904,0.0227394,,,,
1298,46,46,46,21,21,0.891749,0.0221295,,,,
1299,46,46,46,21,21,0.892577,0.0215388,,,,
1300,46,46,46,21,21,0.89345,0.0209678,,,,
1301,46,46,46,21,21,0.894406,0.0204165,,,,
1302,46,46,46,21,21,0.89545,0.0198842,,,,
1303,46,46,46,21,21,0.89655,0.01937,,,,
1304,46,46,46,21,21,0.897652,0.0188724,,,,
1305,46,46,46,21,21,0.89869,0.0183902,,,,
1306,46,46,46,21,21,0.899614,0.0179222,,,,
1307,46,46,46,21,21,0.9004,0.0174681,,,,
1308,46,46,46,21,21,0.90106,0.0170278,,,,
1309,46,46,46,21,21,0.901637,0.0166019,,,,
1310,46,46,46,21,21,0.902193,0.0161909,,,,
1311,46,46,46,21,21,0.902792,0.0157954,,,,
1312,46,46,46,21,21,0.903475,0.0154154,,,,
1313,46,46,46,21,21,0.904254,0.0150506,,,,
1314,46,46,46,21,21,0.905106,0.0147001,,,,
1315,46,46,46,21,21,0.905979,0.0143629,,,,
1316,46,46,46,21,21,0.906811,0.014038,,,,
1317,46,46,46,21,21,0.907545,0.0137243,,,,
1318,46,46,46,21,21,0.908149,0.0134215,,,,
1319,46,46,46,21,21,0.908625,0.0131296,,,,
1320,46,46,46,21,21,0.909005,0.0128489,,,,
1321,46,46,46,21,21,0.909348,0.0125799,,,,
1322,46,46,46,21,21,0.909715,0.0123231,,,,
1323,46,46,46,21,21,0.910158,0.0120787,,,,
1324,46,46,46,21,21,0.910701,0.0118465,,,,
1325,46,46,46,21,21,0.911333,0.011626,,,,
1326,46,46,46,21,21,0.912015,0.0114164,,,,
1327,46,46,46,21,21,0.912687,0.0112168,,,,
1328,46,46,46,21,21,0.91329,0.0110266,,,,
1329,46,46,46,21,21,0.913778,0.0108453,,,,
1330,46,46,46,21,21,0.914137,0.0106729,,,,
1331,46,46,46,21,21,0.914384,0.0105097,,,,
1332,46,46,46,21,21,0.914566,0.0103559,,,,
1333,46,46,46,21,21,0.914741,0.0102122,,,,
1334,46,46,46,21,21,0.91497,0.0100788,,,,
1335,46,46,46,21,21,0.91529,0.00995548,,,,
1336,46,46,46,21,21,0.915713,0.00984197,,,,
1337,46,46,46,21,21,0.916215,0.00973762,,,,
1338,46,46,46,21,21,0.916747,0.00964169,,,,
1339,46,46,46,21,21,0.91725,0.00955353,,,,
1340,46,46,46,21,21,0.917668,0.00947274,,,,
1341,46,46,46,21,21,0.917966,0.00939925,,,,
1342,46,46,46,21,21,0.918139,0.0093333,,,,
1343,46,46,46,21,21,0.918213,0.00927539,,,,
1344,46,46,46,21,21,0.91824,0.00922603,,,,
1345,46,46,46,21,21,0.918281,0.00918565,,,,
1346,46,46,46,21,21,0.918388,0.00915437,,,,
1347,46,46,46,21,21,0.918594,0.00913201,,,,
1348,46,46,46,21,21,0.918903,0.00911803,,,,
1349,46,46,46,21,21,0.919285,0.00911172,,,,
1350,46,46,46,21,21,0.91969,0.00911234,,,,
1351,46,46,46,21,21,0.920058,0.00911927,,,,
1352,46,46,46,21,21,0.920337,0.00913222,,,,
1353,46,46,46,21,21,0.920495,0.00915123,,,,
1354,46,46,46,21,21,0.92053,0.00917668,,,,
1355,46,46,46,21,21,0.920472,0.00920916,,,,
1356,46,46,46,21,21,0.920371,0.0092493,,,,
1357,46,46,46,21,21,0.920286,0.0092976,,,,
1358,46,46,46,21,21,0.920271,0.0093543,,,,
1359,46,46,46,21,21,0.920355,0.00941926,,,,
1360,46,46,46,21,21,0.920543,0.00949205,,,,
1361,46,46,46,21,21,0.920806,0.00957203,,,,
1362,46,46,46,21,21,0.921095,0.00965848,,,,
1363,46,46,46,21,21,0.921352,0.00975082,,,,
1364,46,46,46,21,21,0.921523,0.00984872,,,,
1365,46,46,46,21,21,0.921577,0.00995218,,,,
1366,46,46,46,21,21,0.921509,0.0100615,,,,
1367,46,46,46,21,21,0.921344,0.0101773,,,,
1368,46,46,46,21,21,0.921128,0.0103,,,,
1369,46,46,46,21,21,0.920921,0.0104303,,,,
1370,46,46,46,21,21,0.920775,0.0105685,,,,
1371,46,46,46,21,21,0.920726,0.0107144,,,,
1372,46,46,46,21,21,0.920782,0.0108678,,,,
1373,46,46,46,21,21,0.920922,0.0110283,,,,
1374,46,46,46,21,21,0.921101,0.0111951,,,,
1375,46,46,46,21,21,0.921263,0.0113678,,,,
1376,46,46,46,21,21,0.921353,0.011546,,,,
1377,46,46,46,21,21,0.921333,0.0117298,,,,
1378,46,46,46,21,21,0.921189,0.0119194,,,,
1379,46,46,46,21,21,0.920936,0.0121152,,,,
1380,46,46,46,21,21,0.920615,0.0123179,,,,
1381,46,46,46,21,21,0.920281,0.0125281,,,,
1382,46,46,46,21,21,0.919988,0.0127461,,,,
1383,46,46,46,21,21,0.919782,0.012972,,,,
1384,46,46,46,21,21,0.919679,0.0132058,,,,
1385,46,46,46,21,21,0.919673,0.013447,,,,
1386,46,46,46,21,21,0.919729,0.0136951,,,,
1387,46,46,46,21,21,0.919795,0.0139497,,,,
1388,46,46,46,21,21,0.919815,0.0142102,,,,
1389,46,46,46,21,21,0.91974,0.0144767,,,,
1390,46,46,46,21,21,0.919545,0.0147493,,,,
1391,46,46,46,21,21,0.919228,0.0150284,,,,
1392,46,46,46,21,21,0.918818,0.0153146,,,,
1393,46,46,46,21,21,0.91836,0.0156085,,,,
1394,46,46,46,21,21,0.917912,0.0159106,,,,
1395,46,46,46,21,21,0.917523,0.0162212,,,,
1396,46,46,46,21,21,0.917228,0.0165404,,,,
1397,46,46,46,21,21,0.917038,0.0168679,,,,
1398,46,46,46,21,21,0.916933,0.0172035,,,,
1399,46,46,46,21,21,0.916874,0.0175466,,,,
1400,46,46,46,21,21,0.916807,0.0178967,,,,
1401,46,46,46,21,21,0.916676,0.0182538,,,,
1402,46,46,46,21,21,0.916441,0.0186177,,,,
1403,46,46,46,21,21,0.916081,0.0189888,,,,
1404,46,46,46,21,21,0.915602,0.0193676,,,,
1405,46,46,46,21,21,0.915037,0.0197547,,,,
1406,46,46,46,21,21,0.914433,0.0201508,,,,
1407,46,46,46,21,21,0.913846,0.0205564,,,,
1408,46,46,46,21,21,0.913325,0.0209719,,,,
1409,46,46,46,21,21,0.912899,0.0213973,,,,
1410,46,46,46,21,21,0.912575,0.0218325,,,,
1411,46,46,46,21,21,0.912332,0.0222772,,,,
1412,46,46,46,21,21,0.912128,0.0227311,,,,
1413,46,46,46,21,21,0.911908,0.0231937,,,,
1414,46,46,46,21,21,0.91162,0.023665,,,,
1415,46,46,46,21,21,0.911223,0.024145,,,,
1416,46,46,46,21,21,0.910697,0.0246341,,,,
1417,46,46,46,21,21,0.910049,0.025133,,,,
1418,46,46,46,21,21,0.90931,0.0256423,,,,
1419,46,46,46,21,21,0.908526,0.0261627,,,,
1420,46,46,46,21,21,0.907754,0.026695,,,,
1421,46,46,46,21,21,0.907041,0.0272396,,,,
1422,46,46,46,21,21,0.906419,0.0277966,,,,
1423,46,46,46,21,21,0.905896,0.0283661,,,,
1424,46,46,46,21,21,0.905456,0.0289478,,,,
1425,46,46,46,21,21,0.905057,0.0295414,,,,
1426,46,46,46,21,21,0.904649,0.0301465,,,,
1427,46,46,46,21,21,0.904178,0.0307632,,,,
1428,46,46,46,21,21,0.903598,0.0313913,,,,
1429,46,46,46,21,21,0.902886,0.0320315,,,,
1430,46,46,46,21,21,0.902041,0.0326842,,,,
1431,46,46,46,21,21,0.901089,0.0333503,,,,
1432,46,46,46,21,21,0.900073,0.0340307,,,,
1433,46,46,46,21,21,0.899047,0.0347264,,,,
1434,46,46,46,21,21,0.898061,0.0354381,,,,
1435,46,46,46,21,21,0.897153,0.0361664,,,,
1436,46,46,46,21,21,0.896339,0.0369116,,,,
1437,46,46,46,21,21,0.895611,0.0376737,,,,
1438,46,46,46,21,21,0.894937,0.0384527,,,,
1439,46,46,46,21,21,0.894269,0.0392485,,,,
1440,46,46,46,21,21,0.893552,0.0400609,,,,
1441,46,46,46,21,21,0.892735,0.0408902,,,,
1442,46,46,46,21,21,0.891786,0.0417365,,,,
1443,46,46,46,21,21,0.890692,0.0426006,,,,
1444,46,46,46,21,21,0.889465,0.0434832,,,,
1445,46,46,46,21,21,0.88814,0.0443854,,,,
1446,46,46,46,21,21,0.886767,0.0453082,,,,
1447,46,46,46,21,21,0.885397,0.0462527,,,,
1448,46,46,46,21,21,0.884078,0.0472199,,,,
1449,46,46,46,21,21,0.882837,0.0482104,,,,
1450,46,46,46,21,21,0.881681,0.0492248,,,,
1451,46,46,46,21,21,0.88059,0.0502634,,,,
1452,46,46,46,21,21,0.879527,0.0513263,,,,
1453,46,46,46,21,21,0.878438,0.0524138,,,,
1454,46,46,46,21,21,0.877269,0.0535261,,,,
1455,46,46,46,21,21,0.875973,0.0546637,,,,
1456,46,46,46,21,21,0.874522,0.0558273,,,,
1457,46,46,46,21,21,0.87291,0.0570179,,,,
1458,46,46,46,21,21,0.871155,0.0582368,,,,
1459,46,46,46,21,21,0.869296,0.0594855,,,,
1460,46,46,46,21,21,0.867383,0.0607654,,,,
1461,46,46,46,21,21,0.865467,0.0620781,,,,
1462,46,46,46,21,21,0.863591,0.0634251,,,,
1463,46,46,46,21,21,0.861781,0.0648074,,,,
1464,46,46,46,21,21,0.860036,0.066226,,,,
1465,46,46,46,21,21,0.858336,0.0676818,,,,
1466,46,46,46,21,21,0.856637,0.0691751,,,,
1467,46,46,46,21,21,0.854886,0.0707066,,,,
1468,46,46,46,21,21,0.853027,0.0722769,,,,
1469,46,46,46,21,21,0.851014,0.0738867,,,,
1470,46,46,46,21,21,0.848816,0.0755371,,,,
1471,46,46,46,21,21,0.846429,0.0772295,,,,
1472,46,46,46,21,21,0.843869,0.0789655,,,,
1473,46,46,46,21,21,0.841173,0.0807472,,,,
1474,46,46,46,21,21,0.83839,0.082577,,,,
1475,46,46,46,21,21,0.835573,0.0844569,,,,
1476,46,46,46,21,21,0.832762,0.0863894,,,,
1477,46,46,46,21,21,0.829984,0.0883766,,,,
1478,46,46,46,21,21,0.827243,0.0904203,,,,
1479,46,46,46,21,21,0.824515,0.0925221,,,,
1480,46,46,46,21,21,0.821761,0.0946834,,,,
1481,46,46,46,21,21,0.818925,0.0969053,,,,
1482,46,46,46,21,21,0.815948,0.0991887,,,,
1483,46,46,46,21,21,0.812779,0.101535,,,,
1484,46,46,46,21,21,0.809383,0.103945,,,,
1485,46,46,46,21,21,0.805745,0.106421,,,,
1486,46,46,46,21,21,0.801875,0.108964,,,,
1487,46,46,46,21,21,0.797804,0.111578,,,,
1488,46,46,46,21,21,0.793577,0.114264,,,,
1489,46,46,46,21,21,0.789245,0.117025,,,,
1490,46,46,46,21,21,0.784853,0.119866,,,,
1491,46,46,46,21,21,0.780433,0.122788,,,,
1492,46,46,46,21,21,0.775993,0.125795,,,,
1493,46,46,46,21,21,0.77152,0.128888,,,,
1494,46,46,46,21,21,0.766977,0.132072,,,,
1495,46,46,46,21,21,0.762312,0.135346,,,,
1496,46,46,46,21,21,0.757462,0.138713,,,,
1497,46,46,46,21,21,0.752369,0.142173,,,,
1498,46,46,46,21,21,0.746986,0.145727,,,,
1499,46,46,46,21,21,0.741286,0.149376,,,,
1500,46,46,46,21,21,0.735264,0.153121,,,,
1501,46,46,46,21,21,0.728941,0.156962,,,,
1502,46,46,46,21,21,0.722353,0.160902,,,,
1503,46,46,46,21,21,0.71555,0.16494,,,,
1504,46,46,46,21,21,0.708583,0.169079,,,,
1505,46,46,46,21,21,0.701491,0.173319,,,,
1506,46,46,46,21,21,0.6943,0.177662,,,,
1507,46,46,46,21,21,0.687011,0.182108,,,,
1508,46,46,46,21,21,0.679601,0.186655,,,,
1509,46,46,46,21,21,0.672028,0.191304,,,,
1510,46,46,46,21,21,0.664236,0.19605,,,,
1511,46,46,46,21,21,0.656164,0.200891,,,,
1512,46,46,46,21,21,0.647759,0.205819,,,,
1513,46,46,46,21,21,0.638981,0.210829,,,,
1514,46,46,46,21,21,0.629813,0.215914,,,,
1515,46,46,46,21,21,0.620266,0.221063,,,,
1516,46,46,46,21,21,0.61037,0.226268,,,,
1517,46,46,46,21,21,0.60018,0.231518,,,,
1518,46,46,46,21,21,0.589758,0.236802,,,,
1519,46,46,46,21,21,0.579166,0.242108,,,,
1520,46,46,46,21,21,0.56846,0.247422,,,,
1521,46,46,46,21,21,0.557677,0.252731,,,,
1522,46,46,46,21,21,0.546833,0.258019,,,,
1523,46,46,46,21,21,0.53592,0.263267,,,,
1524,46,46,46,21,21,0.524913,0.268456,,,,
1525,46,46,46,21,21,0.513776,0.273564,,,,
1526,46,46,46,21,21,0.502468,0.278566,,,,
1527,46,46,46,21,21,0.490959,0.283436,,,,
1528,46,46,46,21,21,0.479235,0.288143,,,,
1529,46,46,46,21,21,0.467307,0.292658,,,,
1530,46,46,46,21,21,0.455211,0.296948,,,,
1531,46,46,46,21,21,0.443008,0.300981,,,,
1532,46,46,46,21,21,0.430778,0.304725,,,,
1533,46,46,46,21,21,0.41861,0.30815,,,,
1534,46,46,46,21,21,0.406588,0.311224,,,,
1535,46,46,46,21,21,0.394785,0.313923,,,,
1536,46,46,46,21,21,0.383251,0.31622,,,,
1537,46,46,46,21,21,0.372006,0.318095,,,,
1538,46,46,46,21,21,0.361038,0.31953,,,,
1539,46,46,46,21,21,0.350311,0.320509,,,,
1540,46,46,46,21,21,0.339763,0.321022,,,,
1541,46,46,46,21,21,0.329324,0.321061,,,,
1542,46,46,46,21,21,0.318921,0.32062,,,,
1543,46,46,46,21,21,0.308489,0.319699,,,,
1544,46,46,46,21,21,0.297982,0.318299,,,,
1545,46,46,46,21,21,0.287369,0.316428,,,,
1546,46,46,46,21,21,0.276637,0.314095,,,,
1547,46,46,46,21,21,0.265784,0.311316,,,,
1548,46,46,46,21,21,0.254809,0.308112,,,,
1549,46,46,46,21,21,0.243704,0.304509,,,,
1550,46,46,46,21,21,0.232438,0.30054,,,,
1551,46,46,46,21,21,0.220953,0.296242,,,,
1552,46,46,46,21,21,0.209165,0.291659,,,,
1553,46,46,46,21,21,0.196961,0.286837,,,,
1554,46,46,46,21,21,0.184221,0.281827,,,,
1555,46,46,46,21,21,0.170828,0.276681,,,,
1556,46,46,46,21,21,0.156696,0.27145,,,,
1557,46,46,46,21,21,0.141799,0.266182,,,,
1558,46,46,46,21,21,0.126192,0.26092,,,,
1559,46,46,46,21,21,0.110039,0.255703,,,,
1560,46,46,46,21,21,0.09362,0.250558,,,,
1561,46,46,46,21,21,0.0773423,0.245505,,,,
1562,46,46,46,21,21,0.0617277,0.240552,,,,
1563,46,46,46,21,21,0.0473931,0.235699,,,,
1564,46,46,46,21,21,0.0350179,0.230933,,,,
1565,46,46,46,21,21,0.025302,0.226237,,,,
1566,46,46,46,21,21,0.0189183,0.221584,,,,
1567,46,46,46,21,21,0.0164636,0.216944,,,,
1568,46,46,46,21,21,0.0184128,0.212286,,,,
1569,46,46,46,21,21,0.0250803,0.20758,,,,
1570,46,46,46,21,21,0.0365935,0.202798,,,,
1571,46,46,46,21,21,0.0528794,0.197919,,,,
1572,46,46,46,21,21,0.0736673,0.192928,,,,
1573,46,46,46,21,21,0.0985064,0.187819,,,,
1574,46,46,46,21,21,0.126796,0.182595,,,,
1575,46,46,46,21,21,0.157827,0.177266,,,,
1576,46,46,46,21,21,0.19083,0.171851,,,,
1577,46,46,46,21,21,0.225021,0.166375,,,,
1578,46,46,46,21,21,0.259655,0.160867,,,,
1579,46,46,46,21,21,0.294057,0.15536,,,,
1580,46,46,46,21,21,0.327662,0.149888,,,,
1581,46,46,46,21,21,0.360029,0.144481,,,,
1582,46,46,46,21,21,0.390848,0.139171,,,,
1583,46,46,46,21,21,0.41994,0.133982,,,,
1584,46,46,46,21,21,0.447238,0.128936,,,,
1585,46,46,46,21,21,0.472767,0.124047,,,,
1586,46,46,46,21,21,0.49662,0.119326,,,,
1587,46,46,46,21,21,0.518928,0.114779,,,,
1588,46,46,46,21,21,0.53984,0.110406,,,,
1589,46,46,46,21,21,0.559495,0.106204,,,,
1590,46,46,46,21,21,0.578015,0.102169,,,,
1591,46,46,46,21,21,0.595491,0.0982931,,,,
1592,46,46,46,21,21,0.611984,0.0945698,,,,
1593,46,46,46,21,21,0.627528,0.0909916,,,,
1594,46,46,46,21,21,0.642136,0.0875515,,,,
1595,46,46,46,21,21,0.655815,0.0842437,,,,
1596,46,46,46,21,21,0.66857,0.081063,,,,
1597,46,46,46,21,21,0.680417,0.0780055,,,,
1598,46,46,46,21,21,0.691389,0.075068,,,,
1599,46,46,46,21,21,0.701539,0.0722475,,,,
1600,46,46,46,21,21,0.710938,0.0695414,,,,
1601,46,46,46,21,21,0.719672,0.066947,,,,
1602,46,46,46,21,21,0.727836,0.0644612,,,,
1603,46,46,46,21,21,0.735527,0.0620802,,,,
1604,46,46,46,21,21,0.742832,0.0598,,,,
1605,46,46,46,21,21,0.749826,0.0576158,,,,
1606,46,46,46,21,21,0.756563,0.0555225,,,,
1607,46,46,46,21,21,0.763077,0.0535148,,,,
1608,46,46,46,21,21,0.76938,0.0515874,,,,
1609,46,46,46,21,21,0.775463,0.0497352,,,,
1610,46,46,46,21,21,0.781306,0.0479535,,,,
1611,46,46,46,21,21,0.786883,0.0462381,,,,
1612,46,46,46,21,21,0.792164,0.0445856,,,,
1613,46,46,46,21,21,0.797131,0.042993,,,,
1614,46,46,46,21,21,0.801771,0.0414581,,,,
1615,46,46,46,21,21,0.806091,0.039979,,,,
1616,46,46,46,21,21,0.81011,0.0385544,,,,
1617,46,46,46,21,21,0.81386,0.0371831,,,,
1618,46,46,46,21,21,0.817386,0.0358637,,,,
1619,46,46,46,21,21,0.820736,0.0345951,,,,
1620,46,46,46,21,21,0.823958,0.0333757,,,,
1621,46,46,46,21,21,0.827095,0.0322039,,,,
1622,46,46,46,21,21,0.830182,0.0310777,,,,
1623,46,46,46,21,21,0.833237,0.0299947,,,,
1624,46,46,46,21,21,0.836267,0.0289528,,,,
1625,46,46,46,21,21,0.839264,0.0279494,,,,
1626,46,46,46,21,21,0.84221,0.0269822,,,,
1627,46,46,46,21,21,0.845078,0.0260488,,,,
1628,46,46,46,21,21,0.847839,0.0251474,,,,
1629,46,46,46,21,21,0.850466,0.024276,,,,
1630,46,46,46,21,21,0.852937,0.0234334,,,,
1631,46,46,46,21,21,0.85524,0.0226184,,,,
1632,46,46,46,21,21,0.857376,0.0218302,,,,
1633,46,46,46,21,21,0.859354,0.0210682,,,,
1634,46,46,46,21,21,0.861197,0.020332,,,,
1635,46,46,46,21,21,0.862932,0.0196212,,,,
1636,46,46,46,21,21,0.864594,0.0189353,,,,
1637,46,46,46,21,21,0.866215,0.018274,,,,
1638,46,46,46,21,21,0.867824,0.0176365,,,,
1639,46,46,46,21,21,0.869444,0.0170223,,,,
1640,46,46,46,21,21,0.871087,0.0164303,,,,
1641,46,46,46,21,21,0.872754,0.0158596,,,,
1642,46,46,46,21,21,0.874438,0.015309,,,,
1643,46,46,46,21,21,0.87612,0.0147774,,,,
1644,46,46,46,21,21,0.877778,0.0142636,,,,
1645,46,46,46,21,21,0.879387,0.0137664,,,,
1646,46,46,46,21,21,0.880921,0.0132851,,,,
1647,46,46,46,21,21,0.88236,0.0128186,,,,
1648,46,46,46,21,21,0.883692,0.0123664,,,,
1649,46,46,46,21,21,0.884912,0.0119281,,,,
1650,46,46,46,21,21,0.886026,0.0115031,,,,
1651,46,46,46,21,21,0.887048,0.0110915,,,,
1652,46,46,46,21,21,0.887998,0.0106929,,,,
1653,46,46,46,21,21,0.888903,0.0103073,,,,
1654,46,46,46,21,21,0.889788,0.00993462,,,,
1655,46,46,46,21,21,0.890678,0.00957466,,,,
1656,46,46,46,21,21,0.891593,0.0092272,,,,
1657,46,46,46,21,21,0.892546,0.00889192,,,,
1658,46,46,46,21,21,0.89354,0.00856841,,,,
1659,46,46,46,21,21,0.894571,0.00825617,,,,
1660,46,46,46,21,21,0.895627,0.00795463,,,,
1661,46,46,46,21,21,0.896689,0.00766321,,,,
1662,46,46,46,21,21,0.897734,0.0073813,,,,
1663,46,46,46,21,21,0.89874,0.00710833,,,,
1664,46,46,46,21,21,0.899687,0.00684377,,,,
1665,46,46,46,21,21,0.90056,0.00658719,,,,
1666,46,46,46,21,21,0.901348,0.00633822,,,,
1667,46,46,46,21,21,0.902051,0.00609661,,,,
1668,46,46,46,21,21,0.902676,0.00586217,,,,
1669,46,46,46,21,21,0.903237,0.00563481,,,,
1670,46,46,46,21,21,0.903754,0.00541447,,,,
1671,46,46,46,21,21,0.904247,0.00520114,,,,
1672,46,46,46,21,21,0.904741,0.00499479,,,,
1673,46,46,46,21,21,0.905256,0.0047954,,,,
1674,46,46,46,21,21,0.905807,0.00460289,,,,
1675,46,46,46,21,21,0.906403,0.00441715,,,,
1676,46,46,46,21,21,0.907047,0.00423801,,,,
1677,46,46,46,21,21,0.907732,0.00406525,,,,
1678,46,46,46,21,21,0.908448,0.0038986,,,,
1679,46,46,46,21,21,0.909176,0.00373777,,,,
1680,46,46,46,21,21,0.909896,0.00358245,,,,
1681,46,46,46,21,21,0.910587,0.00343231,,,,
1682,46,46,46,21,21,0.911232,0.00328708,,,,
1683,46,46,46,21,21,0.911814,0.00314648,,,,
1684,46,46,46,21,21,0.912327,0.00301031,,,,
1685,46,46,46,21,21,0.912767,0.00287837,,,,
1686,46,46,46,21,21,0.913142,0.00275056,,,,
1687,46,46,46,21,21,0.913461,0.00262679,,,,
1688,46,46,46,21,21,0.913742,0.00250702,,,,
1689,46,46,46,21,21,0.914005,0.00239122,,,,
1690,46,46,46,21,21,0.91427,0.00227939,,,,
1691,46,46,46,21,21,0.914557,0.00217152,,,,
1692,46,46,46,21,21,0.91488,0.00206759,,,,
1693,46,46,46,21,21,0.915249,0.00196756,,,,
1694,46,46,46,21,21,0.915669,0.00187136,,,,
1695,46,46,46,21,21,0.916135,0.0017789,,,,
1696,46,46,46,21,21,0.916639,0.00169005,,,,
1697,46,46,46,21,21,0.917165,0.00160467,,,,
1698,46,46,46,21,21,0.917697,0.0015226,,,,
1699,46,46,46,21,21,0.918214,0.00144368,,,,
1700,46,46,46,21,21,0.918698,0.00136774,,,,
1701,46,46,46,21,21,0.919133,0.00129463,,,,
1702,46,46,46,21,21,0.91951,0.00122421,,,,
1703,46,46,46,21,21,0.919822,0.00115637,,,,
1704,46,46,46,21,21,0.920071,0.00109104,,,,
1705,46,46,46,21,21,0.920266,0.00102813,,,,
1706,46,46,46,21,21,0.920418,0.00096763,,,,
1707,46,46,46,21,21,0.920544,0.000909501,,,,
1708,46,46,46,21,21,0.920664,0.000853737,,,,
1709,46,46,46,21,21,0.920796,0.000800334,,,,
1710,46,46,46,21,21,0.920956,0.000749284,,,,
1711,46,46,46,21,21,0.921158,0.000700575,,,,
1712,46,46,46,21,21,0.921409,0.00065418,,,,
1713,46,46,46,21,21,0.92171,0.000610058,,,,
1714,46,46,46,21,21,0.922058,0.000568153,,,,
1715,46,46,46,21,21,0.922441,0.000528395,,,,
1716,46,46,46,21,21,0.922847,0.000490702,,,,
1717,46,46,46,21,21,0.923257,0.000454985,,,,
1718,46,46,46,21,21,0.923654,0.000421152,,,,
1719,46,46,46,21,21,0.924019,0.000389112,,,,
1720,46,46,46,21,21,0.92434,0.000358783,,,,
1721,46,46,46,21,21,0.924605,0.000330091,,,,
1722,46,46,46,21,21,0.924811,0.000302976,,,,
1723,46,46,46,21,21,0.924959,0.000277392,,,,
1724,46,46,46,21,21,0.925055,0.000253307,,,,
1725,46,46,46,21,21,0.925112,0.000230699,,,,
1726,46,46,46,21,21,0.925145,0.000209557,,,,
1727,46,46,46,21,21,0.925171,0.000189876,,,,
1728,46,46,46,21,21,0.92521,0.000171651,,,,
1729,46,46,46,21,21,0.925275,0.000154878,,,,
1730,46,46,46,21,21,0.925382,0.000139545,,,,
1731,46,46,46,21,21,0.925536,0.000125635,,,,
1732,46,46,46,21,21,0.925742,0.000113122,,,,
1733,46,46,46,21,21,0.925997,0.000101969,,,,
1734,46,46,46,21,21,0.926291,9.21E-05,,,,
1735,46,46,46,21,21,0.926613,8.36E-05,,,,
1736,46,46,46,21,21,0.926946,7.62E-05,,,,
1737,46,46,46,21,21,0.927274,7.00E-05,,,,
1738,46,46,46,21,21,0.927579,6.50E-05,,,,
1739,46,46,46,21,21,0.927847,6.09E-05,,,,
1740,46,46,46,21,21,0.928066,5.79E-05,,,,
1741,46,46,46,21,21,0.928229,5.59E-05,,,,
1742,46,46,46,21,21,0.928336,5.49E-05,,,,
1743,46,46,46,21,21,0.928389,5.48E-05,,,,
1744,46,46,46,21,21,0.928399,5.57E-05,,,,
1745,46,46,46,21,21,0.928378,5.75E-05,,,,
1746,46,46,46,21,21,0.928342,6.03E-05,,,,
1747,46,46,46,21,21,0.928309,6.40E-05,,,,
1748,46,46,46,21,21,0.928295,6.87E-05,,,,
1749,46,46,46,21,21,0.928313,7.43E-05,,,,
1750,46,46,46,21,21,0.928376,8.08E-05,,,,
1751,46,46,46,21,21,0.928489,8.82E-05,,,,
1752,46,46,46,21,21,0.928653,9.65E-05,,,,
1753,46,46,46,21,21,0.928865,0.000105633,,,,
1754,46,46,46,21,21,0.929114,0.000115569,,,,
1755,46,46,46,21,21,0.929387,0.000126268,,,,
1756,46,46,46,21,21,0.92967,0.000137688,,,,
1757,46,46,46,21,21,0.929946,0.000149793,,,,
1758,46,46,46,21,21,0.930198,0.00016255,,,,
1759,46,46,46,21,21,0.930413,0.000175935,,,,
1760,46,46,46,21,21,0.930579,0.000189931,,,,
1761,46,46,46,21,21,0.930691,0.000204529,,,,
1762,46,46,46,21,21,0.930748,0.000219728,,,,
1763,46,46,46,21,21,0.930754,0.000235536,,,,
1764,46,46,46,21,21,0.930717,0.000251962,,,,
1765,46,46,46,21,21,0.93065,0.000269019,,,,
1766,46,46,46,21,21,0.930569,0.000286721,,,,
1767,46,46,46,21,21,0.930489,0.000305075,,,,
1768,46,46,46,21,21,0.930427,0.000324085,,,,
1769,46,46,46,21,21,0.930397,0.000343746,,,,
1770,46,46,46,21,21,0.93041,0.000364046,,,,
1771,46,46,46,21,21,0.930472,0.000384963,,,,
1772,46,46,46,21,21,0.930587,0.000406467,,,,
1773,46,46,46,21,21,0.93075,0.00042852,,,,
1774,46,46,46,21,21,0.930953,0.000451082,,,,
1775,46,46,46,21,21,0.931186,0.000474109,,,,
1776,46,46,46,21,21,0.931434,0.000497562,,,,
1777,46,46,46,21,21,0.931681,0.000521403,,,,
1778,46,46,46,21,21,0.931911,0.000545603,,,,
1779,46,46,46,21,21,0.932109,0.000570142,,,,
1780,46,46,46,21,21,0.932264,0.000595012,,,,
1781,46,46,46,21,21,0.932367,0.000620215,,,,
1782,46,46,46,21,21,0.932416,0.000645764,,,,
1783,46,46,46,21,21,0.932413,0.000671681,,,,
1784,46,46,46,21,21,0.932363,0.000697996,,,,
1785,46,46,46,21,21,0.932277,0.000724739,,,,
1786,46,46,46,21,21,0.932168,0.000751943,,,,
1787,46,46,46,21,21,0.932052,0.000779635,,,,
1788,46,46,46,21,21,0.931945,0.000807837,,,,
1789,46,46,46,21,21,0.931861,0.000836558,,,,
1790,46,46,46,21,21,0.931814,0.000865796,,,,
1791,46,46,46,21,21,0.931812,0.000895537,,,,
1792,46,46,46,21,21,0.931862,0.000925753,,,,
1793,46,46,46,21,21,0.931963,0.000956403,,,,
1794,46,46,46,21,21,0.932111,0.000987439,,,,
1795,46,46,46,21,21,0.932299,0.0010188,,,,
1796,46,46,46,21,21,0.932513,0.00105044,,,,
1797,46,46,46,21,21,0.932739,0.0010823,,,,
1798,46,46,46,21,21,0.932962,0.00111433,,,,
1799,46,46,46,21,21,0.933167,0.0011465,,,,
1800,46,46,46,21,21,0.933339,0.00117877,,,,
