1001,40,40,40,19,19,0.0196919,0.78142
1002,40,40,40,19,19,0.0236481,0.776045
1003,40,40,40,19,19,0.02807,0.770353
1004,40,40,40,19,19,0.0329428,0.764313
1005,40,40,40,19,19,0.0382251,0.757924
1006,40,40,40,19,19,0.043871,0.751225
1007,40,40,40,19,19,0.0498574,0.744279
1008,40,40,40,19,19,0.0561954,0.737137
1009,40,40,40,19,19,0.0629149,0.729817
1010,40,40,40,19,19,0.0700298,0.722305
1011,40,40,40,19,19,0.0775111,0.714581
1012,40,40,40,19,19,0.0852889,0.706653
1013,40,40,40,19,19,0.0932854,0.698563
1014,40,40,40,19,19,0.101456,0.690377
1015,40,40,40,19,19,0.109809,0.682146
1016,40,40,40,19,19,0.118385,0.673892
1017,40,40,40,19,19,0.127212,0.665602
1018,40,40,40,19,19,0.136267,0.657256
1019,40,40,40,19,19,0.14547,0.648854
1020,40,40,40,19,19,0.154725,0.640428
1021,40,40,40,19,19,0.163969,0.632032
1022,40,40,40,19,19,0.173209,0.623711
1023,40,40,40,19,19,0.182502,0.615482
1024,40,40,40,19,19,0.191904,0.60733
1025,40,40,40,19,19,0.201418,0.599226
1026,40,40,40,19,19,0.210976,0.59116
1027,40,40,40,19,19,0.220474,0.583147
1028,40,40,40,19,19,0.229835,0.575225
1029,40,40,40,19,19,0.239054,0.567432
1030,40,40,40,19,19,0.248197,0.559781
1031,40,40,40,19,19,0.257349,0.552255
1032,40,40,40,19,19,0.266551,0.544823
1033,40,40,40,19,19,0.275763,0.53746
1034,40,40,40,19,19,0.284884,0.53017
1035,40,40,40,19,19,0.293819,0.522976
1036,40,40,40,19,19,0.302536,0.515911
1037,40,40,40,19,19,0.31109,0.50899
1038,40,40,40,19,19,0.319583,0.502203
1039,40,40,40,19,19,0.328095,0.49552
1040,40,40,40,19,19,0.336628,0.488912
1041,40,40,40,19,19,0.3451,0.482371
1042,40,40,40,19,19,0.353398,0.47591
1043,40,40,40,19,19,0.361451,0.46956
1044,40,40,40,19,19,0.369278,0.463341
1045,40,40,40,19,19,0.376974,0.457252
1046,40,40,40,19,19,0.38465,0.451272
1047,40,40,40,19,19,0.392357,0.445373
1048,40,40,40,19,19,0.400053,0.439537
1049,40,40,40,19,19,0.407629,0.433772
1050,40,40,40,19,19,0.414975,0.428102
1051,40,40,40,19,19,0.422057,0.422553
1052,40,40,40,19,19,0.42893,0.417136
1053,40,40,40,19,19,0.435713,0.411839
1054,40,40,40,19,19,0.442504,0.406636
1055,40,40,40,19,19,0.449323,0.401506
1056,40,40,40,19,19,0.456093,0.396443
1057,40,40,40,19,19,0.462693,0.391463
1058,40,40,40,19,19,0.469027,0.386593
1059,40,40,40,19,19,0.47509,0.381855
1060,40,40,40,19,19,0.480969,0.377252
1061,40,40,40,19,19,0.486786,0.372767
1062,40,40,40,19,19,0.492627,0.368373
1063,40,40,40,19,19,0.498486,0.364055
1064,40,40,40,19,19,0.504265,0.359813
1065,40,40,40,19,19,0.50984,0.355667
1066,40,40,40,19,19,0.515133,0.351641
1067,40,40,40,19,19,0.520159,0.34775
1068,40,40,40,19,19,0.525021,0.343991
1069,40,40,40,19,19,0.529845,0.340343
1070,40,40,40,19,19,0.534704,0.336782
1071,40,40,40,19,19,0.539576,0.333297
1072,40,40,40,19,19,0.544355,0.329891
1073,40,40,40,19,19,0.548917,0.326585
1074,40,40,40,19,19,0.553194,0.323401
1075,40,40,40,19,19,0.557214,0.32035
1076,40,40,40,19,19,0.561085,0.317424
1077,40,40,40,19,19,0.564933,0.314601
1078,40,40,40,19,19,0.568828,0.311859
1079,40,40,40,19,19,0.572742,0.309189
1080,40,40,40,19,19,0.576569,0.306595
1081,40,40,40,19,19,0.580183,0.304099
1082,40,40,40,19,19,0.583517,0.301718
1083,40,40,40,19,19,0.586598,0.299463
1084,40,40,40,19,19,0.589533,0.297324
1085,40,40,40,19,19,0.59245,0.295281
1086,40,40,40,19,19,0.59542,0.293313
1087,40,40,40,19,19,0.598423,0.291411
1088,40,40,40,19,19,0.601357,0.289583
1089,40,40,40,19,19,0.604095,0.287846
1090,40,40,40,19,19,0.606561,0.28622
1091,40,40,40,19,19,0.608771,0.284713
1092,40,40,40,19,19,0.610823,0.283318
1093,40,40,40,19,19,0.612844,0.282016
1094,40,40,40,19,19,0.614918,0.280786
1095,40,40,40,19,19,0.617041,0.279618
1096,40,40,40,19,19,0.619123,0.278518
1097,40,40,40,19,19,0.62104,0.277503
1098,40,40,40,19,19,0.622698,0.276591
1099,40,40,40,19,19,0.624091,0.275793
1100,40,40,40,19,19,0.625299,0.275105
1101,40,40,40,19,19,0.626445,0.274508
1102,40,40,40,19,19,0.627631,0.273984
1103,40,40,40,19,19,0.62888,0.273519
1104,40,40,40,19,19,0.630127,0.273114
1105,40,40,40,19,19,0.631253,0.272785
1106,40,40,40,19,19,0.632151,0.27255
1107,40,40,40,19,19,0.63278,0.272422
1108,40,40,40,19,19,0.633191,0.2724
1109,40,40,40,19,19,0.633495,0.272469
1110,40,40,40,19,19,0.63381,0.27261
1111,40,40,40,19,19,0.634194,0.272807
1112,40,40,40,19,19,0.634618,0.273054
1113,40,40,40,19,19,0.634983,0.273362
1114,40,40,40,19,19,0.635172,0.273747
1115,40,40,40,19,19,0.635109,0.274225
1116,40,40,40,19,19,0.634802,0.274801
1117,40,40,40,19,19,0.634335,0.275464
1118,40,40,40,19,19,0.633828,0.276198
1119,40,40,40,19,19,0.633374,0.276981
1120,40,40,40,19,19,0.632992,0.277806
1121,40,40,40,19,19,0.632623,0.278673
1122,40,40,40,19,19,0.632154,0.279596
1123,40,40,40,19,19,0.631482,0.280593
1124,40,40,40,19,19,0.630563,0.281674
1125,40,40,40,19,19,0.629435,0.282836
1126,40,40,40,19,19,0.628198,0.284066
1127,40,40,40,19,19,0.626967,0.285343
1128,40,40,40,19,19,0.625809,0.286652
1129,40,40,40,19,19,0.624719,0.287988
1130,40,40,40,19,19,0.623618,0.289358
1131,40,40,40,19,19,0.622395,0.290778
1132,40,40,40,19,19,0.620961,0.292262
1133,40,40,40,19,19,0.619293,0.293817
1134,40,40,40,19,19,0.617445,0.295436
1135,40,40,40,19,19,0.61552,0.297103
1136,40,40,40,19,19,0.613622,0.298799
1137,40,40,40,19,19,0.611805,0.300511
1138,40,40,40,19,19,0.610049,0.302237
1139,40,40,40,19,19,0.608268,0.303987
1140,40,40,40,19,19,0.606357,0.305779
1141,40,40,40,19,19,0.604234,0.307625
1142,40,40,40,19,19,0.601885,0.30953
1143,40,40,40,19,19,0.599366,0.311487
1144,40,40,40,19,19,0.596775,0.313478
1145,40,40,40,19,19,0.59421,0.315485
1146,40,40,40,19,19,0.591716,0.317497
1147,40,40,40,19,19,0.589271,0.319514
1148,40,40,40,19,19,0.586792,0.321547
1149,40,40,40,19,19,0.584176,0.323613
1150,40,40,40,19,19,0.581345,0.325726
1151,40,40,40,19,19,0.578278,0.327889
1152,40,40,40,19,19,0.575025,0.330095
1153,40,40,40,19,19,0.571673,0.332326
1154,40,40,40,19,19,0.568315,0.334566
1155,40,40,40,19,19,0.564998,0.336803
1156,40,40,40,19,19,0.561706,0.339037
1157,40,40,40,19,19,0.558366,0.341281
1158,40,40,40,19,19,0.554876,0.343552
1159,40,40,40,19,19,0.551153,0.345865
1160,40,40,40,19,19,0.547162,0.348225
1161,40,40,40,19,19,0.54293,0.350626
1162,40,40,40,19,19,0.538533,0.353053
1163,40,40,40,19,19,0.534053,0.355488
1164,40,40,40,19,19,0.529544,0.357917
1165,40,40,40,19,19,0.525005,0.360339
1166,40,40,40,19,19,0.520376,0.362763
1167,40,40,40,19,19,0.515562,0.365206
1168,40,40,40,19,19,0.510468,0.367684
1169,40,40,40,19,19,0.505037,0.370206
1170,40,40,40,19,19,0.499265,0.37277
1171,40,40,40,19,19,0.493198,0.375363
1172,40,40,40,19,19,0.486905,0.377968
1173,40,40,40,19,19,0.480442,0.38057
1174,40,40,40,19,19,0.473825,0.383162
1175,40,40,40,19,19,0.467017,0.385751
1176,40,40,40,19,19,0.459934,0.38835
1177,40,40,40,19,19,0.452478,0.390975
1178,40,40,40,19,19,0.444566,0.393639
1179,40,40,40,19,19,0.436156,0.396343
1180,40,40,40,19,19,0.427252,0.399077
1181,40,40,40,19,19,0.417897,0.401824
1182,40,40,40,19,19,0.40814,0.404564
1183,40,40,40,19,19,0.398015,0.407286
1184,40,40,40,19,19,0.387513,0.409985
1185,40,40,40,19,19,0.376586,0.412669
1186,40,40,40,19,19,0.365158,0.415352
1187,40,40,40,19,19,0.353148,0.418043
1188,40,40,40,19,19,0.3405,0.420747
1189,40,40,40,19,19,0.327196,0.423453
1190,40,40,40,19,19,0.313265,0.426143
1191,40,40,40,19,19,0.298766,0.42879
1192,40,40,40,19,19,0.283776,0.43137
1193,40,40,40,19,19,0.268363,0.433864
1194,40,40,40,19,19,0.252582,0.436264
1195,40,40,40,19,19,0.23647,0.438571
1196,40,40,40,19,19,0.220062,0.440788
1197,40,40,40,19,19,0.203406,0.442915
1198,40,40,40,19,19,0.186582,0.444944
1199,40,40,40,19,19,0.169711,0.446853
1200,40,40,40,19,19,0.15296,0.448614
1201,40,40,40,19,19,0.136525,0.450195
1202,40,40,40,19,19,0.12062,0.45157
1203,40,40,40,19,19,0.105461,0.452721
1204,40,40,40,19,19,0.091252,0.453645
1205,40,40,40,19,19,0.0781764,0.454352
1206,40,40,40,19,19,0.0663961,0.454858
1207,40,40,40,19,19,0.0560514,0.455181
1208,40,40,40,19,19,0.0472609,0.455333
1209,40,40,40,19,19,0.0401191,0.455321
1210,40,40,40,19,19,0.034692,0.455147
1211,40,40,40,19,19,0.0310114,0.454811
1212,40,40,40,19,19,0.0290708,0.454321
1213,40,40,40,19,19,0.0288247,0.453692
1214,40,40,40,19,19,0.0301929,0.452952
1215,40,40,40,19,19,0.033067,0.452136
1216,40,40,40,19,19,0.0373193,0.451283
1217,40,40,40,19,19,0.0428103,0.450425
1218,40,40,40,19,19,0.049393,0.449586
1219,40,40,40,19,19,0.0569153,0.448778
1220,40,40,40,19,19,0.0652203,0.447999
1221,40,40,40,19,19,0.0741484,0.447243
1222,40,40,40,19,19,0.0835408,0.4465
1223,40,40,40,19,19,0.0932467,0.445769
1224,40,40,40,19,19,0.103132,0.445054
1225,40,40,40,19,19,0.113089,0.444366
1226,40,40,40,19,19,0.123039,0.443721
1227,40,40,40,19,19,0.13293,0.443132
1228,40,40,40,19,19,0.142733,0.442605
1229,40,40,40,19,19,0.152429,0.442136
1230,40,40,40,19,19,0.161996,0.441712
1231,40,40,40,19,19,0.171401,0.441312
1232,40,40,40,19,19,0.180599,0.440916
1233,40,40,40,19,19,0.189539,0.440509
1234,40,40,40,19,19,0.198173,0.440085
1235,40,40,40,19,19,0.20647,0.439646
1236,40,40,40,19,19,0.214423,0.4392
1237,40,40,40,19,19,0.222053,0.438759
1238,40,40,40,19,19,0.229405,0.43833
1239,40,40,40,19,19,0.23653,0.437913
1240,40,40,40,19,19,0.243472,0.437497
1241,40,40,40,19,19,0.250257,0.437068
1242,40,40,40,19,19,0.256885,0.436606
1243,40,40,40,19,19,0.263332,0.436095
1244,40,40,40,19,19,0.26956,0.435527
1245,40,40,40,19,19,0.275538,0.434901
1246,40,40,40,19,19,0.281251,0.434225
1247,40,40,40,19,19,0.28671,0.433512
1248,40,40,40,19,19,0.291957,0.432774
1249,40,40,40,19,19,0.297049,0.432016
1250,40,40,40,19,19,0.302048,0.431238
1251,40,40,40,19,19,0.307,0.430431
1252,40,40,40,19,19,0.311925,0.429579
1253,40,40,40,19,19,0.316815,0.428668
1254,40,40,40,19,19,0.321633,0.427685
1255,40,40,40,19,19,0.326335,0.426625
1256,40,40,40,19,19,0.330884,0.425492
1257,40,40,40,19,19,0.335262,0.424296
1258,40,40,40,19,19,0.339484,0.42305
1259,40,40,40,19,19,0.343593,0.421766
1260,40,40,40,19,19,0.347646,0.420451
1261,40,40,40,19,19,0.351705,0.419103
1262,40,40,40,19,19,0.355809,0.417714
1263,40,40,40,19,19,0.359973,0.416271
1264,40,40,40,19,19,0.364177,0.41476
1265,40,40,40,19,19,0.368378,0.413173
1266,40,40,40,19,19,0.372523,0.411507
1267,40,40,40,19,19,0.376571,0.409767
1268,40,40,40,19,19,0.380499,0.407965
1269,40,40,40,19,19,0.384322,0.406114
1270,40,40,40,19,19,0.388078,0.404226
1271,40,40,40,19,19,0.391827,0.402309
1272,40,40,40,19,19,0.395625,0.400362
1273,40,40,40,19,19,0.399514,0.398377
1274,40,40,40,19,19,0.403504,0.396344
1275,40,40,40,19,19,0.407575,0.394249
1276,40,40,40,19,19,0.411679,0.392085
1277,40,40,40,19,19,0.41576,0.389847
1278,40,40,40,19,19,0.41977,0.387542
1279,40,40,40,19,19,0.423681,0.385178
1280,40,40,40,19,19,0.427501,0.38277
1281,40,40,40,19,19,0.431266,0.38033
1282,40,40,40,19,19,0.43503,0.377867
1283,40,40,40,19,19,0.438853,0.375384
1284,40,40,40,19,19,0.442778,0.372876
1285,40,40,40,19,19,0.44682,0.370334
1286,40,40,40,19,19,0.450964,0.367748
1287,40,40,40,19,19,0.455164,0.365108
1288,40,40,40,19,19,0.459361,0.36241
1289,40,40,40,19,19,0.463501,0.359657
1290,40,40,40,19,19,0.467549,0.356857
1291,40,40,40,19,19,0.4715,0.354021
1292,40,40,40,19,19,0.47538,0.351162
1293,40,40,40,19,19,0.479242,0.34829
1294,40,40,40,19,19,0.483143,0.345408
1295,40,40,40,19,19,0.487135,0.342517
1296,40,40,40,19,19,0.491244,0.339609
1297,40,40,40,19,19,0.495464,0.336676
1298,40,40,40,19,19,0.499759,0.333708
1299,40,40,40,19,19,0.504072,0.330702
1300,40,40,40,19,19,0.508344,0.327656
1301,40,40,40,19,19,0.512527,0.324576
1302,40,40,40,19,19,0.5166,0.321471
1303,40,40,40,19,19,0.520575,0.318354
1304,40,40,40,19,19,0.524493,0.315235
1305,40,40,40,19,19,0.528412,0.312121
1306,40,40,40,19,19,0.532389,0.309013
1307,40,40,40,19,19,0.536465,0.305909
1308,40,40,40,19,19,0.540654,0.302801
1309,40,40,40,19,19,0.544935,0.299681
1310,40,40,40,19,19,0.549263,0.296542
1311,40,40,40,19,19,0.553574,0.29338
1312,40,40,40,19,19,0.557812,0.290198
1313,40,40,40,19,19,0.561936,0.287002
1314,40,40,40,19,19,0.565934,0.283802
1315,40,40,40,19,19,0.569829,0.280608
1316,40,40,40,19,19,0.573668,0.277431
1317,40,40,40,19,19,0.577512,0.274275
1318,40,40,40,19,19,0.581415,0.271141
1319,40,40,40,19,19,0.585413,0.268024
1320,40,40,40,19,19,0.589514,0.264918
1321,40,40,40,19,19,0.593689,0.261815
1322,40,40,40,19,19,0.59789,0.258709
1323,40,40,40,19,19,0.602053,0.255597
1324,40,40,40,19,19,0.60612,0.252481
1325,40,40,40,19,19,0.610055,0.249367
1326,40,40,40,19,19,0.61385,0.246264
1327,40,40,40,19,19,0.61753,0.243183
1328,40,40,40,19,19,0.621144,0.240132
1329,40,40,40,19,19,0.624754,0.237115
1330,40,40,40,19,19,0.628414,0.234133
1331,40,40,40,19,19,0.632161,0.231182
1332,40,40,40,19,19,0.636001,0.228255
1333,40,40,40,19,19,0.639909,0.225345
1334,40,40,40,19,19,0.643834,0.222446
1335,40,40,40,19,19,0.647714,0.219554
1336,40,40,40,19,19,0.65149,0.216672
1337,40,40,40,19,19,0.655123,0.213804
1338,40,40,40,19,19,0.658603,0.210958
1339,40,40,40,19,19,0.661949,0.208142
1340,40,40,40,19,19,0.66521,0.205366
1341,40,40,40,19,19,0.668445,0.202632
1342,40,40,40,19,19,0.671713,0.199943
1343,40,40,40,19,19,0.675055,0.197296
1344,40,40,40,19,19,0.678484,0.194684
1345,40,40,40,19,19,0.681983,0.192101
1346,40,40,40,19,19,0.685507,0.18954
1347,40,40,40,19,19,0.688996,0.186999
1348,40,40,40,19,19,0.692389,0.184475
1349,40,40,40,19,19,0.695639,0.181973
1350,40,40,40,19,19,0.698726,0.179498
1351,40,40,40,19,19,0.701661,0.177058
1352,40,40,40,19,19,0.704481,0.17466
1353,40,40,40,19,19,0.707245,0.172309
1354,40,40,40,19,19,0.710014,0.170007
1355,40,40,40,19,19,0.712837,0.167753
1356,40,40,40,19,19,0.715742,0.165541
1357,40,40,40,19,19,0.718726,0.163366
1358,40,40,40,19,19,0.721756,0.161222
1359,40,40,40,19,19,0.72478,0.159103
1360,40,40,40,19,19,0.727734,0.157007
1361,40,40,40,19,19,0.730564,0.154936
1362,40,40,40,19,19,0.733235,0.152893
1363,40,40,40,19,19,0.73574,0.150884
1364,40,40,40,19,19,0.7381,0.148916
1365,40,40,40,19,19,0.740365,0.146994
1366,40,40,40,19,19,0.742592,0.145121
1367,40,40,40,19,19,0.744842,0.143298
1368,40,40,40,19,19,0.747156,0.141521
1369,40,40,40,19,19,0.749554,0.139787
1370,40,40,40,19,19,0.752024,0.138088
1371,40,40,40,19,19,0.754526,0.13642
1372,40,40,40,19,19,0.757005,0.134778
1373,40,40,40,19,19,0.759401,0.133161
1374,40,40,40,19,19,0.761663,0.131571
1375,40,40,40,19,19,0.763761,0.130011
1376,40,40,40,19,19,0.765694,0.128487
1377,40,40,40,19,19,0.767491,0.127003
1378,40,40,40,19,19,0.769199,0.125565
1379,40,40,40,19,19,0.77088,0.124175
1380,40,40,40,19,19,0.772589,0.122831
1381,40,40,40,19,19,0.774368,0.12153
1382,40,40,40,19,19,0.776231,0.120269
1383,40,40,40,19,19,0.778166,0.119041
1384,40,40,40,19,19,0.780134,0.117841
1385,40,40,40,19,19,0.78208,0.116667
1386,40,40,40,19,19,0.783944,0.115517
1387,40,40,40,19,19,0.785678,0.114393
1388,40,40,40,19,19,0.787253,0.113298
1389,40,40,40,19,19,0.788665,0.112236
1390,40,40,40,19,19,0.789941,0.111212
1391,40,40,40,19,19,0.791127,0.11023
1392,40,40,40,19,19,0.792282,0.109291
1393,40,40,40,19,19,0.793462,0.108395
1394,40,40,40,19,19,0.79471,0.107537
1395,40,40,40,19,19,0.796044,0.106715
1396,40,40,40,19,19,0.797458,0.105922
1397,40,40,40,19,19,0.798918,0.105155
1398,40,40,40,19,19,0.800372,0.10441
1399,40,40,40,19,19,0.801762,0.103687
1400,40,40,40,19,19,0.803038,0.102986
1401,40,40,40,19,19,0.804163,0.10231
1402,40,40,40,19,19,0.805128,0.101665
1403,40,40,40,19,19,0.805949,0.101054
1404,40,40,40,19,19,0.806668,0.10048
1405,40,40,40,19,19,0.807339,0.0999454
1406,40,40,40,19,19,0.808018,0.0994496
1407,40,40,40,19,19,0.808754,0.09899
1408,40,40,40,19,19,0.809576,0.0985625
1409,40,40,40,19,19,0.810488,0.0981622
1410,40,40,40,19,19,0.811467,0.0977844
1411,40,40,40,19,19,0.81247,0.0974257
1412,40,40,40,19,19,0.813442,0.0970845
1413,40,40,40,19,19,0.814328,0.0967614
1414,40,40,40,19,19,0.815083,0.0964587
1415,40,40,40,19,19,0.815685,0.0961804
1416,40,40,40,19,19,0.816136,0.0959307
1417,40,40,40,19,19,0.816463,0.0957136
1418,40,40,40,19,19,0.81671,0.0955315
1419,40,40,40,19,19,0.816935,0.0953851
1420,40,40,40,19,19,0.81719,0.0952729
1421,40,40,40,19,19,0.817518,0.0951915
1422,40,40,40,19,19,0.817939,0.0951365
1423,40,40,40,19,19,0.818449,0.0951032
1424,40,40,40,19,19,0.81902,0.0950874
1425,40,40,40,19,19,0.819605,0.0950864
1426,40,40,40,19,19,0.820149,0.0950995
1427,40,40,40,19,19,0.820602,0.0951278
1428,40,40,40,19,19,0.820924,0.0951744
1429,40,40,40,19,19,0.821095,0.0952432
1430,40,40,40,19,19,0.821124,0.0953386
1431,40,40,40,19,19,0.821037,0.0954641
1432,40,40,40,19,19,0.820881,0.0956217
1433,40,40,40,19,19,0.820711,0.0958118
1434,40,40,40,19,19,0.820577,0.0960326
1435,40,40,40,19,19,0.820517,0.0962809
1436,40,40,40,19,19,0.820551,0.0965523
1437,40,40,40,19,19,0.820674,0.0968423
1438,40,40,40,19,19,0.820857,0.0971472
1439,40,40,40,19,19,0.821057,0.0974647
1440,40,40,40,19,19,0.821221,0.0977943
1441,40,40,40,19,19,0.821298,0.0981373
1442,40,40,40,19,19,0.821251,0.0984967
1443,40,40,40,19,19,0.82106,0.0988766
1444,40,40,40,19,19,0.820728,0.0992809
1445,40,40,40,19,19,0.820281,0.0997131
1446,40,40,40,19,19,0.819762,0.100175
1447,40,40,40,19,19,0.819221,0.100668
1448,40,40,40,19,19,0.818709,0.101189
1449,40,40,40,19,19,0.818266,0.101737
1450,40,40,40,19,19,0.817913,0.102306
1451,40,40,40,19,19,0.817651,0.102893
1452,40,40,40,19,19,0.817459,0.103493
1453,40,40,40,19,19,0.817296,0.104106
1454,40,40,40,19,19,0.817114,0.10473
1455,40,40,40,19,19,0.816863,0.105366
1456,40,40,40,19,19,0.8165,0.106018
1457,40,40,40,19,19,0.816,0.106688
1458,40,40,40,19,19,0.815358,0.107381
1459,40,40,40,19,19,0.814591,0.108102
1460,40,40,40,19,19,0.813734,0.108851
1461,40,40,40,19,19,0.812833,0.109631
1462,40,40,40,19,19,0.811939,0.110439
1463,40,40,40,19,19,0.811094,0.111274
1464,40,40,40,19,19,0.81033,0.112133
1465,40,40,40,19,19,0.809656,0.11301
1466,40,40,40,19,19,0.809064,0.113902
1467,40,40,40,19,19,0.808522,0.114806
1468,40,40,40,19,19,0.807989,0.115722
1469,40,40,40,19,19,0.807415,0.11665
1470,40,40,40,19,19,0.806754,0.117593
1471,40,40,40,19,19,0.805972,0.118553
1472,40,40,40,19,19,0.805049,0.119535
1473,40,40,40,19,19,0.803989,0.120543
1474,40,40,40,19,19,0.802813,0.121581
1475,40,40,40,19,19,0.801559,0.12265
1476,40,40,40,19,19,0.800272,0.123751
1477,40,40,40,19,19,0.799001,0.124882
1478,40,40,40,19,19,0.797783,0.12604
1479,40,40,40,19,19,0.796644,0.127221
1480,40,40,40,19,19,0.795591,0.128421
1481,40,40,40,19,19,0.794609,0.129637
1482,40,40,40,19,19,0.79367,0.130867
1483,40,40,40,19,19,0.792729,0.132109
1484,40,40,40,19,19,0.79174,0.133366
1485,40,40,40,19,19,0.79066,0.13464
1486,40,40,40,19,19,0.789456,0.135935
1487,40,40,40,19,19,0.788111,0.137256
1488,40,40,40,19,19,0.786627,0.138607
1489,40,40,40,19,19,0.785026,0.139992
1490,40,40,40,19,19,0.783342,0.141412
1491,40,40,40,19,19,0.781619,0.142868
1492,40,40,40,19,19,0.779902,0.144358
1493,40,40,40,19,19,0.778229,0.145879
1494,40,40,40,19,19,0.776624,0.147427
1495,40,40,40,19,19,0.775095,0.148998
1496,40,40,40,19,19,0.773633,0.150588
1497,40,40,40,19,19,0.77221,0.152196
1498,40,40,40,19,19,0.770788,0.153821
1499,40,40,40,19,19,0.769321,0.155463
1500,40,40,40,19,19,0.767768,0.157127
1501,40,40,40,19,19,0.766093,0.158815
1502,40,40,40,19,19,0.764276,0.160533
1503,40,40,40,19,19,0.762314,0.162287
1504,40,40,40,19,19,0.760222,0.164079
1505,40,40,40,19,19,0.758029,0.165913
1506,40,40,40,19,19,0.755773,0.167789
1507,40,40,40,19,19,0.753496,0.169707
1508,40,40,40,19,19,0.751238,0.171664
1509,40,40,40,19,19,0.749028,0.173657
1510,40,40,40,19,19,0.746879,0.175681
1511,40,40,40,19,19,0.74479,0.177733
1512,40,40,40,19,19,0.742741,0.17981
1513,40,40,40,19,19,0.7407,0.181911
1514,40,40,40,19,19,0.738628,0.184037
1515,40,40,40,19,19,0.736481,0.18619
1516,40,40,40,19,19,0.734221,0.188374
1517,40,40,40,19,19,0.731822,0.190594
1518,40,40,40,19,19,0.72927,0.192856
1519,40,40,40,19,19,0.726568,0.195165
1520,40,40,40,19,19,0.723734,0.197525
1521,40,40,40,19,19,0.720799,0.199937
1522,40,40,40,19,19,0.7178,0.202404
1523,40,40,40,19,19,0.714776,0.204922
1524,40,40,40,19,19,0.711762,0.20749
1525,40,40,40,19,19,0.708779,0.210103
1526,40,40,40,19,19,0.705839,0.212758
1527,40,40,40,19,19,0.702933,0.215451
1528,40,40,40,19,19,0.700043,0.21818
1529,40,40,40,19,19,0.697135,0.220945
1530,40,40,40,19,19,0.694171,0.223746
1531,40,40,40,19,19,0.691111,0.226586
1532,40,40,40,19,19,0.68792,0.229472
1533,40,40,40,19,19,0.684573,0.232408
1534,40,40,40,19,19,0.681057,0.2354
1535,40,40,40,19,19,0.677375,0.238455
1536,40,40,40,19,19,0.673544,0.241576
1537,40,40,40,19,19,0.669591,0.244767
1538,40,40,40,19,19,0.66555,0.248028
1539,40,40,40,19,19,0.661456,0.251358
1540,40,40,40,19,19,0.65734,0.254756
1541,40,40,40,19,19,0.653224,0.258217
1542,40,40,40,19,19,0.649117,0.261738
1543,40,40,40,19,19,0.645016,0.265315
1544,40,40,40,19,19,0.640902,0.268946
1545,40,40,40,19,19,0.636746,0.272631
1546,40,40,40,19,19,0.632514,0.27637
1547,40,40,40,19,19,0.628168,0.280166
1548,40,40,40,19,19,0.623673,0.284026
1549,40,40,40,19,19,0.619003,0.287954
1550,40,40,40,19,19,0.614141,0.291959
1551,40,40,40,19,19,0.609086,0.296045
1552,40,40,40,19,19,0.603845,0.30022
1553,40,40,40,19,19,0.598441,0.304486
1554,40,40,40,19,19,0.592901,0.308846
1555,40,40,40,19,19,0.587256,0.313301
1556,40,40,40,19,19,0.581534,0.317847
1557,40,40,40,19,19,0.575759,0.322483
1558,40,40,40,19,19,0.569945,0.327204
1559,40,40,40,19,19,0.564092,0.332007
1560,40,40,40,19,19,0.55819,0.336889
1561,40,40,40,19,19,0.552218,0.341848
1562,40,40,40,19,19,0.546146,0.346884
1563,40,40,40,19,19,0.539942,0.351999
1564,40,40,40,19,19,0.533571,0.357197
1565,40,40,40,19,19,0.527006,0.362485
1566,40,40,40,19,19,0.520223,0.367868
1567,40,40,40,19,19,0.513213,0.373354
1568,40,40,40,19,19,0.505975,0.378949
1569,40,40,40,19,19,0.498521,0.384658
1570,40,40,40,19,19,0.490868,0.390484
1571,40,40,40,19,19,0.483043,0.39643
1572,40,40,40,19,19,0.475071,0.402493
1573,40,40,40,19,19,0.466977,0.408671
1574,40,40,40,19,19,0.45878,0.41496
1575,40,40,40,19,19,0.45049,0.421354
1576,40,40,40,19,19,0.442108,0.427847
1577,40,40,40,19,19,0.433627,0.434435
1578,40,40,40,19,19,0.425028,0.441113
1579,40,40,40,19,19,0.416289,0.447879
1580,40,40,40,19,19,0.407384,0.454732
1581,40,40,40,19,19,0.398286,0.461674
1582,40,40,40,19,19,0.388976,0.468706
1583,40,40,40,19,19,0.379438,0.475833
1584,40,40,40,19,19,0.369665,0.483057
1585,40,40,40,19,19,0.359662,0.490381
1586,40,40,40,19,19,0.34944,0.497805
1587,40,40,40,19,19,0.339019,0.505329
1588,40,40,40,19,19,0.328426,0.512948
1589,40,40,40,19,19,0.317687,0.520655
1590,40,40,40,19,19,0.30683,0.528441
1591,40,40,40,19,19,0.295881,0.536293
1592,40,40,40,19,19,0.284859,0.544198
1593,40,40,40,19,19,0.273778,0.552141
1594,40,40,40,19,19,0.262647,0.560104
1595,40,40,40,19,19,0.251467,0.568072
1596,40,40,40,19,19,0.240239,0.57603
1597,40,40,40,19,19,0.22896,0.583963
1598,40,40,40,19,19,0.217629,0.591856
1599,40,40,40,19,19,0.20625,0.599697
1600,40,40,40,19,19,0.194831,0.607473
1601,40,40,40,19,19,0.183389,0.61517
1602,40,40,40,19,19,0.171947,0.622773
1603,40,40,40,19,19,0.160538,0.630266
1604,40,40,40,19,19,0.1492,0.637631
1605,40,40,40,19,19,0.13798,0.644844
1606,40,40,40,19,19,0.126924,0.651881
1607,40,40,40,19,19,0.116082,0.658713
1608,40,40,40,19,19,0.105504,0.665308
1609,40,40,40,19,19,0.0952364,0.671634
1610,40,40,40,19,19,0.0853235,0.677653
1611,40,40,40,19,19,0.0758054,0.68333
1612,40,40,40,19,19,0.0667187,0.688629
1613,40,40,40,19,19,0.058097,0.693516
1614,40,40,40,19,19,0.0499721,0.697956
1615,40,40,40,19,19,0.0423749,0.701921
1616,40,40,40,19,19,0.0353363,0.705385
1617,40,40,40,19,19,0.0288883,0.708323
1618,40,40,40,19,19,0.0230644,0.710716
1619,40,40,40,19,19,0.0178991,0.712547
1620,40,40,40,19,19,0.0134275,0.713804
1621,40,40,40,19,19,0.00968397,0.714475
1622,40,40,40,19,19,0.00670099,0.714551
1623,40,40,40,19,19,0.00450723,0.714026
1624,40,40,40,19,19,0.00312608,0.712893
1625,40,40,40,19,19,0.00257429,0.711149
1626,40,40,40,19,19,0.00286104,0.708792
1627,40,40,40,19,19,0.00398747,0.705821
1628,40,40,40,19,19,0.00594689,0.702239
1629,40,40,40,19,19,0.00872536,0.698051
1630,40,40,40,19,19,0.0123029,0.693265
1631,40,40,40,19,19,0.0166549,0.687894
1632,40,40,40,19,19,0.0217535,0.681954
1633,40,40,40,19,19,0.0275694,0.675467
1634,40,40,40,19,19,0.0340726,0.668456
1635,40,40,40,19,19,0.0412338,0.660952
1636,40,40,40,19,19,0.0490242,0.652988
1637,40,40,40,19,19,0.0574158,0.644597
1638,40,40,40,19,19,0.0663806,0.635819
1639,40,40,40,19,19,0.07589,0.62669
1640,40,40,40,19,19,0.0859136,0.617248
1641,40,40,40,19,19,0.0964181,0.607532
1642,40,40,40,19,19,0.107367,0.597576
1643,40,40,40,19,19,0.11872,0.587414
1644,40,40,40,19,19,0.130432,0.577077
1645,40,40,40,19,19,0.142457,0.566593
1646,40,40,40,19,19,0.154743,0.555989
1647,40,40,40,19,19,0.167241,0.545286
1648,40,40,40,19,19,0.179901,0.534508
1649,40,40,40,19,19,0.192677,0.523674
1650,40,40,40,19,19,0.205527,0.512804
1651,40,40,40,19,19,0.218414,0.501917
1652,40,40,40,19,19,0.231311,0.491031
1653,40,40,40,19,19,0.244195,0.480166
1654,40,40,40,19,19,0.257051,0.469341
1655,40,40,40,19,19,0.269869,0.458575
1656,40,40,40,19,19,0.282646,0.447887
1657,40,40,40,19,19,0.295378,0.437295
1658,40,40,40,19,19,0.308064,0.426816
1659,40,40,40,19,19,0.320699,0.416467
1660,40,40,40,19,19,0.333277,0.406261
1661,40,40,40,19,19,0.345787,0.396211
1662,40,40,40,19,19,0.358213,0.386326
1663,40,40,40,19,19,0.370533,0.376614
1664,40,40,40,19,19,0.382723,0.367078
1665,40,40,40,19,19,0.394757,0.357721
1666,40,40,40,19,19,0.406604,0.348545
1667,40,40,40,19,19,0.41824,0.339549
1668,40,40,40,19,19,0.42964,0.330731
1669,40,40,40,19,19,0.440788,0.322089
1670,40,40,40,19,19,0.451673,0.313623
1671,40,40,40,19,19,0.462291,0.30533
1672,40,40,40,19,19,0.472648,0.29721
1673,40,40,40,19,19,0.482755,0.289263
1674,40,40,40,19,19,0.492629,0.28149
1675,40,40,40,19,19,0.502292,0.273892
1676,40,40,40,19,19,0.511768,0.266472
1677,40,40,40,19,19,0.521077,0.259231
1678,40,40,40,19,19,0.530238,0.252171
1679,40,40,40,19,19,0.539265,0.245293
1680,40,40,40,19,19,0.548164,0.238598
1681,40,40,40,19,19,0.556935,0.232084
1682,40,40,40,19,19,0.565571,0.225749
1683,40,40,40,19,19,0.574058,0.219591
1684,40,40,40,19,19,0.582376,0.213604
1685,40,40,40,19,19,0.590505,0.207784
1686,40,40,40,19,19,0.598424,0.202125
1687,40,40,40,19,19,0.606112,0.19662
1688,40,40,40,19,19,0.613556,0.191263
1689,40,40,40,19,19,0.620747,0.186048
1690,40,40,40,19,19,0.627684,0.180969
1691,40,40,40,19,19,0.634375,0.176022
1692,40,40,40,19,19,0.640835,0.171204
1693,40,40,40,19,19,0.647085,0.16651
1694,40,40,40,19,19,0.653152,0.161941
1695,40,40,40,19,19,0.659064,0.157493
1696,40,40,40,19,19,0.66485,0.153168
1697,40,40,40,19,19,0.670537,0.148963
1698,40,40,40,19,19,0.676145,0.144879
1699,40,40,40,19,19,0.681689,0.140916
1700,40,40,40,19,19,0.687177,0.137071
1701,40,40,40,19,19,0.692606,0.133343
1702,40,40,40,19,19,0.697967,0.129729
1703,40,40,40,19,19,0.703246,0.126226
1704,40,40,40,19,19,0.70842,0.122829
1705,40,40,40,19,19,0.713467,0.119535
1706,40,40,40,19,19,0.718364,0.116338
1707,40,40,40,19,19,0.723092,0.113233
1708,40,40,40,19,19,0.727634,0.110216
1709,40,40,40,19,19,0.731982,0.107281
1710,40,40,40,19,19,0.736136,0.104425
1711,40,40,40,19,19,0.740103,0.101644
1712,40,40,40,19,19,0.743898,0.0989353
1713,40,40,40,19,19,0.747544,0.0962975
1714,40,40,40,19,19,0.751067,0.0937293
1715,40,40,40,19,19,0.754496,0.09123
1716,40,40,40,19,19,0.75786,0.0887994
1717,40,40,40,19,19,0.761186,0.0864374
1718,40,40,40,19,19,0.764495,0.0841442
1719,40,40,40,19,19,0.767803,0.0819194
1720,40,40,40,19,19,0.771115,0.0797627
1721,40,40,40,19,19,0.77443,0.077673
1722,40,40,40,19,19,0.777738,0.0756488
1723,40,40,40,19,19,0.781024,0.0736882
1724,40,40,40,19,19,0.784265,0.0717884
1725,40,40,40,19,19,0.787437,0.0699467
1726,40,40,40,19,19,0.790516,0.0681597
1727,40,40,40,19,19,0.793477,0.0664242
1728,40,40,40,19,19,0.796303,0.0647369
1729,40,40,40,19,19,0.798981,0.0630947
1730,40,40,40,19,19,0.801508,0.0614952
1731,40,40,40,19,19,0.803886,0.059936
1732,40,40,40,19,19,0.806128,0.0584155
1733,40,40,40,19,19,0.808252,0.0569327
1734,40,40,40,19,19,0.810282,0.055487
1735,40,40,40,19,19,0.812247,0.0540783
1736,40,40,40,19,19,0.814173,0.0527068
1737,40,40,40,19,19,0.81609,0.0513729
1738,40,40,40,19,19,0.818019,0.0500771
1739,40,40,40,19,19,0.819979,0.0488196
1740,40,40,40,19,19,0.821979,0.0476007
1741,40,40,40,19,19,0.824021,0.0464201
1742,40,40,40,19,19,0.826099,0.0452771
1743,40,40,40,19,19,0.828199,0.0441709
1744,40,40,40,19,19,0.830303,0.0430999
1745,40,40,40,19,19,0.832385,0.0420624
1746,40,40,40,19,19,0.834419,0.0410565
1747,40,40,40,19,19,0.836382,0.0400798
1748,40,40,40,19,19,0.838249,0.0391303
1749,40,40,40,19,19,0.840004,0.038206
1750,40,40,40,19,19,0.841636,0.0373048
1751,40,40,40,19,19,0.843141,0.0364255
1752,40,40,40,19,19,0.844524,0.0355666
1753,40,40,40,19,19,0.845798,0.0347276
1754,40,40,40,19,19,0.846981,0.0339081
1755,40,40,40,19,19,0.848099,0.0331081
1756,40,40,40,19,19,0.849177,0.0323279
1757,40,40,40,19,19,0.850243,0.031568
1758,40,40,40,19,19,0.851324,0.0308291
1759,40,40,40,19,19,0.852441,0.0301117
1760,40,40,40,19,19,0.853611,0.0294163
1761,40,40,40,19,19,0.854842,0.0287432
1762,40,40,40,19,19,0.856136,0.0280923
1763,40,40,40,19,19,0.857487,0.0274634
1764,40,40,40,19,19,0.85888,0.0268559
1765,40,40,40,19,19,0.860296,0.0262687
1766,40,40,40,19,19,0.861711,0.0257008
1767,40,40,40,19,19,0.8631,0.0251507
1768,40,40,40,19,19,0.864435,0.024617
1769,40,40,40,19,19,0.865695,0.0240981
1770,40,40,40,19,19,0.86686,0.0235928
1771,40,40,40,19,19,0.867918,0.0230998
1772,40,40,40,19,19,0.868864,0.0226182
1773,40,40,40,19,19,0.869701,0.0221473
1774,40,40,40,19,19,0.870437,0.0216866
1775,40,40,40,19,19,0.871091,0.0212361
1776,40,40,40,19,19,0.871684,0.0207961
1777,40,40,40,19,19,0.872242,0.0203668
1778,40,40,40,19,19,0.87279,0.0199488
1779,40,40,40,19,19,0.873357,0.0195428
1780,40,40,40,19,19,0.873964,0.0191493
1781,40,40,40,19,19,0.874629,0.0187688
1782,40,40,40,19,19,0.875364,0.0184017
1783,40,40,40,19,19,0.876175,0.018048
1784,40,40,40,19,19,0.877056,0.0177077
1785,40,40,40,19,19,0.878,0.0173803
1786,40,40,40,19,19,0.878987,0.0170654
1787,40,40,40,19,19,0.879998,0.016762
1788,40,40,40,19,19,0.881006,0.0164692
1789,40,40,40,19,19,0.881987,0.016186
1790,40,40,40,19,19,0.882915,0.0159114
1791,40,40,40,19,19,0.883769,0.0156443
1792,40,40,40,19,19,0.884533,0.0153838
1793,40,40,40,19,19,0.885196,0.0151294
1794,40,40,40,19,19,0.885755,0.0148804
1795,40,40,40,19,19,0.886215,0.0146368
1796,40,40,40,19,19,0.886586,0.0143983
1797,40,40,40,19,19,0.886887,0.0141653
1798,40,40,40,19,19,0.887138,0.0139381
1799,40,40,40,19,19,0.887367,0.0137172
1800,40,40,40,19,19,0.887598,0.0135033
